category,name,price
CHINEES,Baby corn manchurian,150
CHINEES,Baby corn pepper,160
CHINEES,Babycorn chilly,160
CHINEES,Boiled rice,40
CHINEES,CH Fried Rice-H,60
CHINEES,Ch Fried Rice-F,110
CHINEES,Ch Noodles-F,110
CHINEES,Ch Noodles-H,60
CHINEES,Chicken 65,200
CHINEES,Chicken clear soup,90
CHINEES,Chicken fried rice H,60
CHINEES,Chicken lollipop,240
CHINEES,Chicken manchurian F,190
CHINEES,Chicken manchurian H,100
CHINEES,Chilly chicken -F,210
CHINEES,Dragon chicken,220
CHINEES,Egg Fried Rice-F,110
CHINEES,Egg Fried Rice-H,60
CHINEES,Egg Noodles-F,110
CHINEES,Egg noodles-H,60
CHINEES,Extra egg,10
CHINEES,Garlic chicken F,200
CHINEES,Garlic chicken H,110
CHINEES,Ginger Chicken H,110
CHINEES,Ginger chicken F,200
CHINEES,Gobi Pepper-F,130
CHINEES,Gobi Pepper-H,70
CHINEES,Gobi Rice F,150
CHINEES,Gobi Rice H,80
CHINEES,Gobi manchurian H,70
CHINEES,Gobi manchurian-F,120
CHINEES,Kabab (1PC),30
CHINEES,Kabab Full (8),240
CHINEES,Lemon chicken,210
CHINEES,Manchow soup Ch- H,60
CHINEES,Mashroom Chiily,160
CHINEES,Mashroom Manchurian,150
CHINEES,Mashroom fried Rice H,70
CHINEES,Mashroom pepper,160
CHINEES,Omlet,40
CHINEES,Paneer Chilly,170
CHINEES,Paneer manchurian,170
CHINEES,Paneer pepper,180
CHINEES,Paneer rice,140
CHINEES,Paneer rice H,80
CHINEES,Paneer schezwan rice H,90
CHINEES,Paneer schezwan rice-F,150
CHINEES,Pepper chicken- F,200
CHINEES,Pepper chicken-H,100
CHINEES,Schezwan Fried Rice-F,120
CHINEES,Schezwan Fried Rice-H,70
CHINEES,Schezwan Noodles-F,130
CHINEES,Schezwan Noodles-H,80
CHINEES,Schezwan chicken dry,210
CHINEES,Tripple Rice F,180
CHINEES,Tripple Rice H,110
CHINEES,Veg manchow soup,90
CHINEES,Veg noodles -H,50
CHINEES,Veg rice full,90
CHINEES,Veg rice half,50
CHINEES,Veg rice-F,100
CHINEES,chicken cream soup,100
CHINEES,chilly chicken-H,110
CHINEES,gobi noodles F,150
CHINEES,kitkat milkshake,80.01
CHINEES,manchow soup ch- F,100
CHINEES,mashroom manchow soup,100
CHINEES,mashroom manchurian H,90
CHINEES,paneer chilly H,120
CHINEES,sweetcorn soup,90
CHINEES,tomato soup,80
CHINEES,vanilla milk shake,80
CHINEES,veg fry rice,50
JUICE,7up,45
JUICE,Cococola,20
JUICE,Cold,15
JUICE,Fanta,20
JUICE,Hana,10
JUICE,Lime soda,40
JUICE,Ragi juics,20
JUICE,Water half ltr,10
JUICE,Yellu Juice,20
JUICE,annar,70
JUICE,chikku shake,80
JUICE,fruitsalad icecream,70
JUICE,lemon juice,40
JUICE,mint lime,50
JUICE,musumbi juice,60
JUICE,pomogranate,70
JUICE,soda,10
JUICE,water 1 Ltr,20
JUICE,water 2 Ltr,30
JUICE,watermelon,60
JUICE,zaffa,15
MOMOS,Chicken momos fried,90
MOMOS,Chicken momos steam,80
MOMOS,Momos chily,110
MOMOS,Periperi momos,100
NORTH INDIAN,Biriyani-F,170
NORTH INDIAN,Biriyani-H,90
NORTH INDIAN,Boiled egg,15
NORTH INDIAN,Butter Chicken F,290
NORTH INDIAN,Butter chiken H,180
NORTH INDIAN,Chana masala,120
NORTH INDIAN,Chicken Hyderbadi Biriyani F,210
NORTH INDIAN,Chicken Hyderbadi Biriyani H,100
NORTH INDIAN,Chicken Hyderbadi-F,210
NORTH INDIAN,Chicken Hyderbadi-H,150
NORTH INDIAN,Chicken Kholapuri H,170
NORTH INDIAN,Chicken Kholapuri-F,240
NORTH INDIAN,Chicken Tikka masala,240
NORTH INDIAN,Chicken kurma,260
NORTH INDIAN,Chicken lababdar,280
NORTH INDIAN,Chicken masala -F,210
NORTH INDIAN,Chicken masala H,160
NORTH INDIAN,Chicken reshmi kabab,230
NORTH INDIAN,Curd rice,120
NORTH INDIAN,Daal fry,120
NORTH INDIAN,Daal kichdi,140
NORTH INDIAN,Daal palak,130
NORTH INDIAN,Daal tadka,140
NORTH INDIAN,Dal tadka,120
NORTH INDIAN,Egg biriyani F,140
NORTH INDIAN,Egg biriyani H,70
NORTH INDIAN,Egg burji,40
NORTH INDIAN,Egg chilly,100
NORTH INDIAN,Egg half boil,40
NORTH INDIAN,Egg masala,120
NORTH INDIAN,Egg pepper,100
NORTH INDIAN,Geern pis,130
NORTH INDIAN,Ghee rice,130
NORTH INDIAN,Greenpeace Masala,130
NORTH INDIAN,Handi Chicken,230
NORTH INDIAN,Jeera rice,120
NORTH INDIAN,Kadai Paneer,220
NORTH INDIAN,Kadai chicken F,230
NORTH INDIAN,Kadai chicken H,150
NORTH INDIAN,Kushka-F,100
NORTH INDIAN,Mashroom butter masala,180
NORTH INDIAN,Mashroom kadai,170
NORTH INDIAN,Mashrum biriyani,150
NORTH INDIAN,Masroom Butter,180
NORTH INDIAN,Masroom Papper,160
NORTH INDIAN,Masroom chily,150
NORTH INDIAN,Masroom masala,160
NORTH INDIAN,Mix veg masala,140
NORTH INDIAN,Omlet,40
NORTH INDIAN,Paalak paneer,180
NORTH INDIAN,Paneer biriyani F,170
NORTH INDIAN,Paneer butter masala,200
NORTH INDIAN,Paneer chily,160
NORTH INDIAN,Paneer kadai,220
NORTH INDIAN,Paneer lababdar,210
NORTH INDIAN,Paneer masala,190
NORTH INDIAN,Paneer tikka masala,210
NORTH INDIAN,Pneer kadai,180
NORTH INDIAN,Prawns biriyani,0
NORTH INDIAN,Pulao(mashroom/paneer),150
NORTH INDIAN,Rajma masala,170
NORTH INDIAN,Rara chicken,290
NORTH INDIAN,Veg biriyani,140
NORTH INDIAN,Veg hyderabadi,160
NORTH INDIAN,Veg kolapur,140
NORTH INDIAN,Veg kolapuri,140
NORTH INDIAN,Veg kurma,150
NORTH INDIAN,White rice,40
NORTH INDIAN,chicken curry,230
NORTH INDIAN,chicken hyderabadi,280
NORTH INDIAN,chicken labadar,290
NORTH INDIAN,gravy,50
NORTH INDIAN,kushka H,60
NORTH INDIAN,masaroom masala,170
NORTH INDIAN,masroom kadai,150
NORTH INDIAN,meals,60
NORTH INDIAN,paneer masala F,210
NORTH INDIAN,veg hyderabadi biriyani,170
NORTH INDIAN,veg kadai,170
PAROTA,Butter Garlice Naan,55
PAROTA,Butter Kulcha,45
PAROTA,Butter Naan,40
PAROTA,Butter Roti,35
PAROTA,Butter parota,20
PAROTA,Garlice Naan,50
PAROTA,Kulcha,40
PAROTA,Naan,35
PAROTA,Panjabi naan,40
PAROTA,Tandoor roti,30
PAROTA,ceylon paratha,25
PAROTA,coin porota,15
PAROTA,irani paratha,25
PAROTA,paratha,20
SALAD,Green salad,70
SALAD,ceaser salad,160
SALAD,russian salad,120
SALAD,sweetcorn salad,70
SALAD,tandoori salad,70
SOUTH INDIAN,BANGUDE,100
SOUTH INDIAN,Babycorn rawa fry,150
SOUTH INDIAN,Boiled Rice,60
SOUTH INDIAN,Chicken Gheer roast H,200
SOUTH INDIAN,Chicken Pulimunchi H,100
SOUTH INDIAN,Chicken Sukka,100
SOUTH INDIAN,Chicken gheeroast F,360
SOUTH INDIAN,Chicken kadipatta,200
SOUTH INDIAN,Chicken koliwada,200
SOUTH INDIAN,Chicken liver pepper,150
SOUTH INDIAN,Chicken pulimuchi F,180
SOUTH INDIAN,Chicken sukka F,210
SOUTH INDIAN,Chicken sukka H,100
SOUTH INDIAN,Chicken urwal,220
SOUTH INDIAN,Disco tawa,120
SOUTH INDIAN,Egg raja special,100
SOUTH INDIAN,Masala pappad,50
SOUTH INDIAN,Mashroom ghee roast,200
SOUTH INDIAN,Mashroom urwal,180
SOUTH INDIAN,Muru tawa,130
SOUTH INDIAN,Neer dosa,50
SOUTH INDIAN,Omlet Double,40
SOUTH INDIAN,Paneer ghee roast,210
SOUTH INDIAN,Raja special,70
SOUTH INDIAN,aapam,30
SOUTH INDIAN,chicken south pepper,210
SOUTH INDIAN,idli,30
SOUTH INDIAN,kori rotti,80
SOUTH INDIAN,paneer urwal,190
SOUTH INDIAN,pundi,30
SOUTH INDIAN,semige,30
TEA,BLACK TEA,15
TEA,Coffee,20
TEA,Lemon Tea,20
TEA,Tea,20
TIKKA COUNTER,KUBBUS,10
TIKKA COUNTER,Shawarma Plate,110
TIKKA COUNTER,Shawarma Plate-Full Meat,170
TIKKA COUNTER,Shawarma Roll,70
TIKKA COUNTER,Shawarma Roll-meat,100
TIKKA COUNTER,Tikka (1pc),80
TIKKA COUNTER,Tikka Half,320
TIKKA COUNTER,Tikka full,620
TIKKA COUNTER,extra mayonese,10
TIKKA COUNTER,tikka h,350
